,AESL_inst_myproject_axi,,module_status1.csv
,grp_myproject_axi_Pipeline_VITIS_LOOP_21_1_fu_180,,module_status2.csv
,grp_myproject_fu_209,,module_status3.csv
grp_myproject_fu_209,s_V_decision_function_49_fu_190,,module_status4.csv
grp_myproject_fu_209,s_V_1_decision_function_48_fu_200,,module_status5.csv
grp_myproject_fu_209,s_V_2_decision_function_37_fu_218,,module_status6.csv
grp_myproject_fu_209,s_V_3_decision_function_26_fu_232,,module_status7.csv
grp_myproject_fu_209,s_V_4_decision_function_15_fu_246,,module_status8.csv
grp_myproject_fu_209,s_V_5_decision_function_4_fu_258,,module_status9.csv
grp_myproject_fu_209,s_V_6_decision_function_3_fu_270,,module_status10.csv
grp_myproject_fu_209,s_V_7_decision_function_2_fu_284,,module_status11.csv
grp_myproject_fu_209,s_V_8_decision_function_1_fu_296,,module_status12.csv
grp_myproject_fu_209,s_V_9_decision_function_fu_312,,module_status13.csv
grp_myproject_fu_209,s_V_10_decision_function_47_fu_326,,module_status14.csv
grp_myproject_fu_209,s_V_11_decision_function_46_fu_340,,module_status15.csv
grp_myproject_fu_209,s_V_12_decision_function_45_fu_354,,module_status16.csv
grp_myproject_fu_209,s_V_13_decision_function_44_fu_366,,module_status17.csv
grp_myproject_fu_209,s_V_14_decision_function_43_fu_378,,module_status18.csv
grp_myproject_fu_209,s_V_15_decision_function_42_fu_390,,module_status19.csv
grp_myproject_fu_209,s_V_16_decision_function_41_fu_406,,module_status20.csv
grp_myproject_fu_209,s_V_17_decision_function_40_fu_420,,module_status21.csv
grp_myproject_fu_209,s_V_18_decision_function_39_fu_432,,module_status22.csv
grp_myproject_fu_209,s_V_19_decision_function_38_fu_442,,module_status23.csv
grp_myproject_fu_209,s_V_20_decision_function_36_fu_452,,module_status24.csv
grp_myproject_fu_209,s_V_21_decision_function_35_fu_468,,module_status25.csv
grp_myproject_fu_209,s_V_22_decision_function_34_fu_478,,module_status26.csv
grp_myproject_fu_209,s_V_23_decision_function_33_fu_492,,module_status27.csv
grp_myproject_fu_209,s_V_24_decision_function_32_fu_504,,module_status28.csv
grp_myproject_fu_209,s_V_25_decision_function_31_fu_520,,module_status29.csv
grp_myproject_fu_209,s_V_26_decision_function_30_fu_532,,module_status30.csv
grp_myproject_fu_209,s_V_27_decision_function_29_fu_544,,module_status31.csv
grp_myproject_fu_209,s_V_28_decision_function_28_fu_554,,module_status32.csv
grp_myproject_fu_209,s_V_29_decision_function_27_fu_566,,module_status33.csv
grp_myproject_fu_209,s_V_30_decision_function_25_fu_580,,module_status34.csv
grp_myproject_fu_209,s_V_31_decision_function_24_fu_596,,module_status35.csv
grp_myproject_fu_209,s_V_32_decision_function_23_fu_608,,module_status36.csv
grp_myproject_fu_209,s_V_33_decision_function_22_fu_622,,module_status37.csv
grp_myproject_fu_209,s_V_34_decision_function_21_fu_636,,module_status38.csv
grp_myproject_fu_209,s_V_35_decision_function_20_fu_650,,module_status39.csv
grp_myproject_fu_209,s_V_36_decision_function_19_fu_666,,module_status40.csv
grp_myproject_fu_209,s_V_37_decision_function_18_fu_678,,module_status41.csv
grp_myproject_fu_209,s_V_38_decision_function_17_fu_692,,module_status42.csv
grp_myproject_fu_209,s_V_39_decision_function_16_fu_708,,module_status43.csv
grp_myproject_fu_209,s_V_40_decision_function_14_fu_720,,module_status44.csv
grp_myproject_fu_209,s_V_41_decision_function_13_fu_730,,module_status45.csv
grp_myproject_fu_209,s_V_42_decision_function_12_fu_744,,module_status46.csv
grp_myproject_fu_209,s_V_43_decision_function_11_fu_758,,module_status47.csv
grp_myproject_fu_209,s_V_44_decision_function_10_fu_768,,module_status48.csv
grp_myproject_fu_209,s_V_45_decision_function_9_fu_782,,module_status49.csv
grp_myproject_fu_209,s_V_46_decision_function_8_fu_796,,module_status50.csv
grp_myproject_fu_209,s_V_47_decision_function_7_fu_810,,module_status51.csv
grp_myproject_fu_209,s_V_48_decision_function_6_fu_824,,module_status52.csv
grp_myproject_fu_209,s_V_49_decision_function_5_fu_836,,module_status53.csv
